# Name,   Type, SubType, Offset,  Size, Flags
# The fork: 1.625 MiB app slots for WiFi (net.c) and what comes after it, the profile store
# down to 640 KiB (16 profiles with icons need ~300). app0 stays at 0x10000 and NVS where it
# was, so settings survive the change; `quadra flash --partitions` writes it.
nvs,      data, nvs,     0x9000,  0x5000,
otadata,  data, ota,     0xe000,  0x2000,
app0,     app,  ota_0,   0x10000, 0x1A0000,
app1,     app,  ota_1,   0x1B0000,0x1A0000,
spiffs,   data, spiffs,  0x350000,0xA0000,
coredump, data, coredump,0x3F0000,0x10000,
